name;user;comment
Cas; sureplexx; Oppenheimer officially became one of those movies i will never sit down to watch
Demacles down á•™( : Ë˜ âˆ§ Ë˜ : )á•—; Fearsome_flex; Why do some movie have shorter runs? I feel like this could hit a billion easy with Oppenheimer time
Hatman ğŸ©; WhoTFIsHatman; I wonder how Japan must have felt after the movie Oppenheimer released in their country last week
Danny's Hot (And-Not-So-Hot) Takes; DanGuy96; I hope this movie is as big as Oppenheimer and be the thing that gets Adam Driver an Oscar if it is that good.
Teta FC- Ender of Streaks; GoonerDriz; Just watched Oppenheimer last night, and I must say, it's a cinematic masterpiece. I thoroughly enjoyed it. It was 3 hours long, and I didn't even notice the time passing by. It was that gripping. I wish I had seen it at the movies. I'm definitely gonna rewatch. ğŸ‘ğŸ¿ğŸ‘ğŸ¿ğŸ‘ğŸ¿
Harold E. Creacy, Esq., LL.M. âœŠğŸ¾ğŸ™ğŸ¾â˜¯ï¸; @CreacyHarold; Yes, I saw two notable movies recently. First I saw Chris Nolanâ€™s Oppenheimer. Though it was at least a half-hour too long it was still entertaining & beautifully made. The second was â€œDoubtâ€ starring Meryl Streep & Philip Seymour Hoffman, two of my favorite actors. It was great!
HITPLAY - Movies and Shows Curated by Filmmakers; @hitplay_app; Robert Downey Jr. Open to Marvel Return After Oscar Win https://tinyurl.com/24uh2gy2 #ironman #MarvelCinematicUniverse #Oppenheimer #RobertDowneyJr.
Thexx2!!2;thexx22;Watched Oppenheimer last night. Thought it was a really good movie. My main take away is it appears that women in Berkeley have *always* been psychotic, miserable Communists
James Hilt;jim_hilt;The new Oppenheimer movie shows he taught Quantum Mechanics & Black Holes whose gravitation pull is so strong not even light can escape it. The Republican personality cult Party of Trump acts like a Black Hole pulling into darkness truth & justice and the light of our Democracy.
Luciaâ™¥ï¸é–å“¥å“¥çš„å°ç‹ç‹¸ğŸ¦Š;SweLucia;Now Iâ€™m become death, The destroyer of worldsâ€¦ Oppenheimer One of the movies love to rewatchâ€¦
Mia Jons;JonsMiaaa;Oppenheimer /Movie Poster /Original Art/Film Poster/ Unframed  by TheFullCartUA https://etsy.me/49GVZaZ via @Etsy
day à­¨à§;catreveuse;Replying to @catreveuse yang kedua itu nonton Oppenheimer berdua, nah bisa kan dibilang movie date tapi ternyata karena waktu itu aku nontonnya pas pulang PK dan filmnya 3 jam jadi aku ketiduran HAHAHAHA aku bangun cuma pas awal film sama pas bomnya diledakin
Naam/ãƒŠãƒ¼ãƒ ğŸŒ™;HakataQueen;Very mixed feelings coming back from Oppenheimer tonight. No flaw with the movie, I just felt really weird sitting there listening to the logic used to justify the destruction of a city thatâ€™s near where I live and that I visited many times.
sujoy;sujoyshah;Replying to @KyleSimpson20_ I just need him to keep doing movies like Oppenheimer lmao
paul;iamyouroj;dune 2 view count: 3 1 IMAX viewing 1 Standard theater viewing 1 Digital laptop viewing tied for the most times iâ€™ve seen a single movie in a year (Oppenheimer). will probably be on like 6 watches before december.
William CM;WillyM79;Replying to @david_drak68054 and @Variety I wouldnâ€™t call Oppenheimer a kids movie
ğŸ‡ºğŸ‡¦ Ana â˜¾ a.k.a. @scabbedcrow.bsky.social;@Scabbedcrow;My, my... Soooo, I have to watch "Oppenheimer" and "Small things like these" and, probably, a bunch of other movies. Well.
gnomebone;@gnomerboner;made for the people who thought oppenheimer was a perverted sex freak movie
Joydeep Mohanto;@JoydeepMohanto;Replying to @hearttmyart Interstellar (movie, but still) Oppenheimer (movie, but still) All of us are Dead (perfect k-drama)
Lorenzo Von Matterhorn;@ezedu;Replying to @RottenTomatoes Oppenheimer. Great movie, amazing actors!
ä¸­å…ƒæ–‡æœˆï½œç·¨é›†ã‚³ãƒ”ãƒ¼ãƒ©ã‚¤ã‚¿ãƒ¼ãƒ»ã‚»ãƒŸãƒŠãƒ¼è¬›å¸«ãƒ»Webã‚³ãƒ³ã‚µãƒ«ãƒ»ã‚·ãƒŠãƒªã‚ªä¼ç”»ï½œå®Ÿç¸¾ã¯Webã‚µã‚¤ãƒˆã«ã¦;@Editor_Nakamoto;#Oppenheimer, Part 9 It will be broadcast in Japanese only. There will be a discussion on the TV program " Sokomsde Itte Iinkai" for a deeper understanding of the movie Oppenheimer.
Marisa ğŸª©;@Marisa_Kenny;Had a dream the other night that â€œBarbenheimerâ€ was a real movie and it was basically just the beginning of Barbie but when they get to the real world itâ€™s WWII and Barbie helps Oppenheimer in the creation of the atomic bomb like its just one of Barbieâ€™s many careers and skills
Giacomo ğŸ¥‘;@giac_;Oscar movies #snoozefest ranking: Poor Things: ğŸ˜´ğŸ˜´ğŸ˜´ Oppenheimer: ğŸ˜´ğŸ˜´ Dune 2: ğŸ˜´ğŸ˜´ğŸ˜´ La zona d'interesse: ğŸ˜´ğŸ˜´ (secondo me il migliore) Anatomia di una caduta: ğŸ˜´ğŸ˜´ Killers of the flower moon: ğŸ˜´ğŸ˜´ğŸ˜´ğŸ˜´ğŸ˜´ Altri non ho visto.
Nick: ğŸª· The Honored One ğŸª·;@SyomenRukuna;2023 was a hit or miss year for movies imo but so far in 2024 itâ€™s been some heat. From last year to now Iâ€™ve been going to the movies a lot more again. 2023: Oppenheimer, The Iron Claw, John Wick 4, Ninja Turtles, across the spiderverse, mission impossible, Godzilla Minus 1
HowdsterğŸŒ;@howdster;Replying to @DaRumbling Dune, Barbie, and Oppenheimer are popular movies that are definitely part part of "modern culture" right now
ğ”‰ğ”ğ”¦ğ”±ğ”¥ ğŸ‘»;@z0mbiecrunch;I thought the Dune movie was going to make me confused af like Oppenheimer but thankfully that is not the case itâ€™s pretty good actually
Â½-a-miLL;@Get_a_miLL;Replying to @KimDotcom Isn't it curious how coincidentally movies like Oppenheimer and documentaries on atomic bombs being propped up on Netflix and others?
Vulture;@vulture;â€˜Oppenheimerâ€™ actor David Krumholtz wasnâ€™t invited to the Oscars, but heâ€™s still got a lot on his plate. â€œThirty-two years, 51 movies in, I think itâ€™s time I stand and be counted a bit,â€ he tells us. From vulture.com
BeeğŸŒŸğŸ;@BumbleBennyBee;it's so crazy that the whole "necessary sex scene" agrument and surrounding discussion was broadly started with Oppenheimer, a 3 hour movie that hardly had 60 seconds of total sex scenes/nudity
m!i!;@mi132326;When I watched the Oppenheimer movie, I was suprised from the hevy white light. The japanese people who was fallen atomic bomb, they looked white light which was some times as powerful as the light which I watched.
Ranch Dubois;@_twerkdaddy_;Replying to @_Glass_Classic_ @soren_iverson and @jeremyjudkins_ the films of Pasolini and Greenaway are not â€œmostâ€ films, like you said. â€œmostâ€ films will not have any type of plot if you removed all non sex scenes. I can name you a thousand if you want. eternals, 8 mile, oppenheimer, top gun, need I go on? all of these movies would be 2 mins
ImJustMeAbel;@ImJustMeAbel;Replying to @historyinmemes In 2022 Chris Nolan set off a real Atomic Bomb for the movie Oppenheimer
Suda;@Suda256;Replying to @motokorich In America, everything becomes entertainment. Politics and history too. People escape from responsibility that way. Oppenheimer movie? Daily show?
Google Trends Online;@tarun_patna;Tickets are now on sale for the movie that grossed more than Oppenheimer and Barbie From news.blogdady.com
AKIKO;@this_is_akiko;4æœˆ4æ—¥ã«æ˜ ç”»ã€Œã‚ªãƒƒãƒšãƒ³ãƒã‚¤ãƒãƒ¼ã€ã‚’IMAXã§è¦³ã¦æ¥ã¾ã—ãŸã€‚ä¸€è¨€ã§ã¯èªã‚Œãšæ„Ÿæƒ³ã¯è¿½ã£ã¦è¿°ã¹ãŸã„ã¨æ€ã„ã¾ã™ã€‚ #Oppenheimer #OppenheimerMovie #ChristopherNolan #IMAX Oppenheimer
goblus;@goblus1414;Replying to @fountainclown and @neilbelieves I gave Oppenheimer 2,5 Shakespeare in Love 1 The Blair witch Project 0 Hereditary 1,5 And i should not review movies just because i dont have the same opinion as you,is that what you are saying ğŸ˜‚ find yourself a hobby ğŸ«£ğŸ¥±
Movie Hall Of Fame;@movieHallOfFame;Amazing Behind-The-Scenes Photos #135 Oppenheimer (2023) #CillianMurphy #Oppenheimer @OppenheimerFilm @UniversalPics
Elle;@Elleololol;OR just stop putting unnecessary sex scenes into shows and moviesâ€¦ was that scene really necessary in Oppenheimer..?
Vuma Dlamini;@Vuma_D;Replying to @Vuma_D Anything with Science involved will always be interesting to me. My favorite science based series is still Breaking Bad. Science based movie? OPPENHEIMER!!!
Karen ğŸ¦ğŸ¶ğŸ»ğŸŒ;@KarenJanigan;Replying to @abbydealer Watched Oppenheimer a couple of nights ago.. Wow. What a gripping movie. I honestly did not notice how long it was. Glad we have a big TV as our Cineplex closed and visuals play a part. . Definitely will watch it again. Historically, very accurate. And well done. Gorgeous.
frank77;@frank7784443792;Replying to @soren_iverson This would definitely increase the streaming numbers of many exceptional movies like Oppenheimer and Poor Things.
midnight blues;@linakawachino;Replying to @oubagaku idk why nolan went on infodump cinema after these unironically kino movies of him, fuck this guy at least he mastered it in oppenheimer
Sue z q ğŸ¤¡ğŸˆğŸˆ;@fountainclown;Replying to @goblus1414 and @neilbelieves Hence, why you shouldnâ€™t review movies. I agree with you about Oppenheimer though - overblown rubbish (but I still wouldnâ€™t give it one star as that would obviously be wrong)
Glaydson Gomes;@glaydsonchumbo;Christopher Nolan, ganhador do Oscar 2024 para melhor direÃ§Ã£o, alÃ©m do seu filme Oppenheimer tambÃ©m ganhou, pelo menos era a minha torcida, um Ã³timo filme. #oppenheimer #filme #christophernolan #diretor #oscar #oscar2024 #direÃ§Ã£o #movie #famoso #celebridades #hollywood
Richest Chan;@berichestfunk;Replying to @MovieTamil4 this is not oppenheimer or something. so, please don't build up these characters much. the teaser of this movie is just released, and i am not fascinated to see the glorified and edited version of veerappan.
Luis Ch;@lf_ch94;https://youtu.be/ugoM8-xZ924 Â¿Se puede decir algo mÃ¡s sobre esta cinta? Â¿Es la Mejor PelÃ­cula de Nolan? GRACIAAAAS....!!! ğŸ¥¹ğŸ¥¹ğŸ¥¹ğŸ¥¹ #Oppenheimer #oppenheimermovie #ChristopherNolan #oscars2024 #Oscars #cillianmurphy #robertdowneyjr youtube.com CHRISTOPHER NOLAN RETRO-RESEÃ‘AS "OPPENHEIMER" #oscars #oscars2024 #christophernolan #oppenheimer #cillianmurphy #robertdowneyjr #nolan
Abhishek Choudhary;@ayybeepro;If oppenheimer (the movie) was about a youtube video editor. "Now I am become Editor, the destroyer of my own sleep schedule, I see nothing beyond my client's success" 0:12 / 0:13
Fitness Zone Movies and more;@jesuslapp;ğŸ¬ Night ğŸŒ™ #Oppenheimer
Sioux City Journal;@scj;Movie critic Bruce Miller says "Godzilla x Kong: The New Empire" isnâ€™t as good as previous mashups, but this, you might say, is the â€œOppenheimerâ€ of the monsterverse. From siouxcityjournal.com
Alex Ponton;@ponton_alex;Project Coffee Oppenheimer - Making Ugandan Coffee Special We are not developing a nuclear bomb in a race against the Nazis like in the movie Oppenheimer. Yet, I think we can all agree that "getting the positioning right" for Ugandan coffee is of national importance. Coffeeâ€¦
Alex Ponton;@ponton_alex;There is nothing special about Ugandan Coffee. Hopefully, my friend @rkabushenga hasn't choked on his coffee while reading this. Please allow me to explain. What's special about Ugandan coffee? Is it high-end? Is it from the source? Is it of good quality? Is it affordable? Isâ€¦ x.com/ja_pirwot/statâ€¦ Show more
Gavin;@gavinincinema;Dune: Part Two Ending (in Oppenheimer style) This has been something I couldn't stop thinking since the second viewing in theater. Villeneuve & Nolan really explored something similar in their movies: With great power comes great danger. #DunePartTwo #Oppenheimer
penguin;@DaPixelPenguin;Replying to @DaPixelPenguin and @simbagoatedfr oppenheimer is also a standalone movie that (hopefully) wonâ€™t see any sequels as opposed to the other two films which have to work in the confines of a trilogy. for what theyâ€™re worth, i believe all three films have immense strengths
Saturn ğŸª;@ThatSaturnO;Oppenheimer is a mid movie
j;@oihgreuko;Replying to @sementits @stunningselmg and 3 others Exactly. And why does Oppenheimer have a sexual scene in the first place? I wanted to watch a movie about physics and the world war. Itâ€™s literally unnecessary
rrlse;@priusport;Replying to @Crisopera1 and @stuartenyt Peacock good for sports--track, skiing. Movies:  they have Oppenheimer.
ğŸ¤´ğŸ¾Plant Based PapiğŸ¥¬ğŸ¥¦ğŸ¥’â˜€ï¸;@PlntBasedPapi;Aside from the big boom scene, this Oppenheimer movie is boring AF!
Parakram Dutta;@ParakramDutta;811th Food Tweet. 4 pics. At the recent #Oscars themed dinner at @farmlorein where you'd guess each movie by just the dish served and few hints provided. 10th course: everything Japanese (yuzu sorbet) American whisky for flambÃ©. Movie - Oppenheimer.
Arachnos Expresso (CEO of Inteleon);@choosyexpresso;13 Movies to get to know me The Amazing Spider-Man The Nice Guys The Batman Godzilla Minus One Tenet Mission Impossible Fallout Tick Tick Boom Oppenheimer
Teresita Bautista;@findbautista;Replying to @TillyLovesBooks Got Oppenheimer on Prime so I have to finish my book on him before watching the movie.
GunFreeZone Blog;@GunFreeZone;Replying to @BradRTorgersen and @AaronCSmith1 Nolan is a genius. His movies I like best are when he is tethered by outside forces. For Oppenheimer, it's history. For Batman, it's the comic canon. When he's free to pursue his passion, it's amazing, but also a lot to try and wrap your mind around.
hq ğŸ§¸;@simbagoatedfr;Replying to @DaPixelPenguin Oh itâ€™s cause you said of our generation. So I assumed u meant like recent movies lol. Also I used Oppenheimer and Batman as comparisons as well because I think they executed the problems a longer movie face way way better then Dune 2
â˜»;@ezzicastro;Finally watched Oppenheimer & let me just say. I was not their demographic lmao. I enjoyed the movie but also asked way too many questions
Brer Oswald;@BrerOswald;Replying to @jradical_ â€œItâ€™s proof that movie theatres are dyingâ€ ğŸ¤“ Meanwhile, Mario Movie, Barbie, Oppenheimer, Wonka, and Godzilla Minus One all did numbers.
Davonte O'Neal;@dougduggarts;I've still never seen this film. His last 3 movies I haven't watched. Dunkirk, Tenet, or Oppenheimer.
Brad R. Torgersen;@BradRTorgersen;As for the film itself, I can see why Oppenheimer was the movie of the year last year. It's a stupendously done biopic wherein the atomic bomb development and test project is dramatically intertwined with Oppenheimer's personal and professional lives. Everybody does a qualityâ€¦
Oh, That Guy;@If_only_u_knew1;Replying to @RealJamesWoods Could someone tell that guy to look at the credits the movie Oppenheimer, and ask if he would like to retract his statement
Movie Monarch;@moviemonarch_;#Oppenheimer has soared to become #ChristopherNolan's highest-grossing film internationally, raking in a staggering $638.4M in overseas #BoxOffice earnings alone. Total WW :- $970M What's your favorite Nolan film and why?
kye;@k0kisaii;Replying to @k0kisaii When I was younger. I have an attention span. I just didn't like it. I like math, I like science, I like politics, I like physics, I like war movies, I like most genres of movies actually, I just didn't like Oppenheimer.
Ashrakat;@AshDeyab;Random thought but even though I loved Oppenheimer when it was released, ever since Oct 7, I've been thinking abour how twisted it is that they made a movie about a man who killed over 200k+ people. Why should we care about his character depth or ethical dilemmas wtf ğŸ˜­ baga7a
jzero3;@jzero3g;Replying to @MajorDcp Havent seen oppenheimer but inception is in my top 10 all time fave movies
life is beautiful japan;@love80smovie;Check out Oppenheimer Movie Program Brochure 2023 Japan Christopher Nolan w/ Flyer https://ebay.com/itm/305483911796?mkcid=16&mkevt=1&mkrid=711-127632-2357-0&ssspo=LKCCGVaRSHe&sssrc=2047675&ssuid=LKCCGVaRSHe&widget_ver=artemis&media=TW #eBay via @eBay #Oppenheimer
ME EXCITAS CON TANTO DOLOR;@sunny_day_shity;,,,,i was gonna watch oppenheimer with my family and ended up watching a movie called "thanksgiving"
Jan Ramirez;@janrmrz;In 2023 Christopher Nolan set off a real nuclear bomb for the movie Oppenheimer
madi magdalene î¨€;@hottropica;does anyone know if, during the movie oppenheimer, is he regular human adult sized the entire time or does he become tiny for a bit?
Danny Ragusa;@TheRealSauce100;Replying to @SalemsCellar Really ğŸ˜‚ ok good I'm not the only one then. I kinda want to but it's so damn long lol. This one and Killers of the Flower Moon are two I really want to see but that's even longer than Oppenheimer. Titanic is really the only over 3 hour movie I'm willing to sit through I love it.
Helvering Davis;@low_tex;That was such an awesome book. Written before the movie and had a large chapter on Oppenheimer. Gives you a real idea of his place in history.
taskib;@taskib1517;Replying to @HamzaJaves Definitely Oppenheimer and Dune Part Two As a Superhero fan, NWH gave me a satisfying feeling as well as a satisfying and successful movie.
Christopher Nolan Art & Updates;@NolanAnalyst;â€˜OPPENHEIMERâ€™ crossed $970M at the worldwide box office. The movie has now surpassed â€˜The Lion Kingâ€™ as the 57th highest grossing movie of all time.
PAsher;@pasher5620;Replying to @teamansion Because people like popcorn action movies? Why is this a question? Not every movie needs to be Oppenheimer or Citizen Kane for people to enjoy them.
Norman Otterman;@NormanOtterman;Replying to @JJimenez707 By this logic bc Oppenheimer made more money than the latest Indiana Jones movie and Transformer installment Oppenheimerâ€™s more of a household name than Indiana Jones or Transformers
Pepsodent ğŸŠ JAIL, TREAT, COMMIT;@Pepsode21199063;Replying to @RealJamesWoods I'm going to watch Oppenheimer and get lost in a movie.
William Sanchez | RainmakerğŸ’¸;@WASresults;Your marketing is bad You can't "just" market 80% of people quit before seeing results 19% quit after the first results As with inspiration from the movie Oppenheimer
William Sanchez | RainmakerğŸ’¸;@WASresults;Your marketing is bad You can't "just" market 80% of people quit before seeing results 19% quit after the first results As with inspiration from the movie Oppenheimer You can't just do marketing You have to hear it, to feel it Can you feel the market
Blarney Tarney;@ronnyt;Replying to @ronnyt Oppenheimer is a centrist movie about how a flawed but brilliant guy with the best of intentions had no good options in the nuke race and ultimately lost control of his creation. Its literally "nukes are a land of contrasts."
Under the radar radio;@vegetaforsterTP;Watching dune for the third time and the first time digitally #DunePart2 #DunePartTwo all movies get leaked eventually but I wish it hadnâ€™t leaked for a lot longer like #Oppenheimer
Edgar but not Allan Poe;@EdgarCasteP;Por fin vi Oppenheimer y que buena movie.
Boot;@thebootpile;Iâ€™ve come to the realization that Oppenheimer is my comfort movie. Is there something wrong with me
Sir Jim Morrison-Ratcliffe;@FrenHag;"Replying to @zdzichudyrma Oppenheimer very boring movie also Feels like viewer is waiting for 2 hour to see bomb with little true suspence Lot of science chat but not fun as in movie beautiful mind with Jennifer Connolly as schizo wife that's a great movie imomo"
4K UHD Blu-ray Movie Deals;@4KBlurayDeals;"Oppenheimer 4K part of Buy 2, Get a 3rd free Sale! Link to Movie: https://amzn.to/3U741oD Click link and look for where it mentions buy 2 for 1 sale next to price. Click ""shop items"" and in the small search box that pops up type ""4k uhd ultra"" #4KUltraHD #Oppenheimer"
Sir Jim Morrison-Ratcliffe;@FrenHag;"Replying to @zdzichudyrma Midsommar? One of most overrated movies ever Oppenheimer Dune 2 Some superheru garbage Wrestling chick from Norwich"
Jessica Marra ğŸ¦‹;@Digilady99;"Replying to @HamzaJaves No Way Home was the first film that made a billion dollars post pandemic at the box office and saved the movie going experience since the pandemic, Barbie, Oppenheimer owe their box office successes to that."
breeze ğŸŒ™;@AbeerReklaoui;"Replying to @RealPhilycheese and @ftrafilm Thatâ€™s what i meant , movies like Oppenheimer , interstellar, Titanic , are the ones who get nominated for an oscar , look idc itâ€™s not like im rooting for any movie lol"
James Hilt;@jim_hilt;"@MarkHamill The new Oppenheimer movie shows he taught Quantum Mechanics & Black Holes whose gravitation pull is so strong not even light can escape it. The Republican cult Party of Trump acts like a Black Hole pulling into darkness truth & justice and the light of our Democracy."
alex;@whorekneewh0re;"Replying to @whorekneewh0re it's crazy how mad people got that Oppenheimer was doing relatively as well as The Barbie movie just for a lot of them to eventually hate Barbie too ğŸ˜­"
Cillian Murphy Fan âœ¨;@cillianuniverse;"Before all the Oppenheimer hype, I never expected Cillian to become the biggest actor in the world (atm). Not that I ever thought he wasnâ€™t capable of being it, but he never called himself a movie star or acted like one. Now heâ€™s an Oscar winner and the new face of Versaceâ€¦"
iamnico.eth lst/acc;@0xiamnico;"Replying to @qedk_ Interstellar was good. But Oppenheimer touches a lot of material subjects that are very relevant today and is a masterclass in the realm of ethical science. That combined with the storytelling makes it a masterpiece much more than any other movie in the past 10 years, maybeâ€¦"
Marco_Hoven;@Marco_Hoven;"Replying to @BasedBeffJezos Very, very good take. I think this was really well put forward in Oppenheimer. All kinds of attacks towards tech made a ton of sense after that movie. You get the appreciation when you are no longer a threat. But Until thanâ€¦"
logan soto castleman in my chucky era;@uvgotlogan1;"Replying to @7_MovieAlex_7 and @eaphen The best movies from summer 2023 were original movies like barbie and oppenheimer maybe there trying that again"
Artificial Intelligence;@attractingluck1;"The widow's son was so moved by Hiroshima and Nagasaki that he asked us to make a movie about it. Oppenheimer, we made the movie. In Asia, you saw the Turkish unity, right?"
Nombre;Nombre de Usuario;Comentario
OKAYman;@OKAYman2024;"Replying to @teamansion Bruhâ€¦did you think it was gonna be some dialogue heavy movie like Oppenheimer or something?"
Peter Rabbitâ€™s Award Buzz;@PeterRabbit_4DX;"Replying to @somedudecody Well, he prefers Green Book & Argylle over Oppenheimer & The Zone of Interest and most of his favorite movies are the cheap RomCom movies. Thatâ€™s all you need to know from this Human Applebeeâ€™s. ğŸ¤£"
JapanTrendMediaSub;@JMsub60270;"Controversy even before its release, what a manga artist felt after watching the movie â€œOppenheimerâ€ and what he was most curious aboutâ€¦ â€“ ITmedia From japantrendmedia.tokyo"
Movie TV Tech Geeks News -Indie Genius Productions;@movietvtechgeek;"Barbie, Oppenheimer, & The Bear Get Terrible Reviews From SNL's Aunt Linda http://dlvr.it/T5Bjk6 #ComedyShows #News #TVNews"
Arthelais. Holy War era;@with_trap;"I would only feel weird dick riding Zack Snyder, if I did it for like multiple famous ppl. I'm JUST a Zack Snyder fan, I go to the movies for Zack Snyder and the occasional 10 year Toho Godzilla drop. Nothing inpresses me these days. Oppenheimer was ğŸ”¥ tho"
Apocaloptimist;@Apocaloptimist5;"Replying to @lakeeater Last year was a real turning point in movies. It was when Marvel-mania finally started to wane and we got shit like Oppenheimer and KotFM. Looking forward to more films that actually give a damn."
ğŸ’€ğŸ‡ºğŸ‡¸ğŸ”¥â“‚ï¸á—©á—ªDÌ¸ğ•†ä¹‚ğŸ‡©ğŸ‡´ #WeWantCody #WWE #Movies;@TheMaddox08;"13 movies to get to know me OppenheimerğŸ’¥ LOTR: The Return of the King ğŸ’ Spider-Man 2 ğŸ•·ï¸ ScarfaceğŸ©¸ The Dark Knight ğŸ¦‡ American Psycho ğŸ”ª Drive ğŸš— Dragon Ball Super: Broly ğŸ‰"
Dilan;@Dilan_A7;"Coming out of COVID19; thereâ€™s a desperation to celebrate box office success. Top Gun, Avatar 2, Barbie may not have been nominated if COVID never happened; and neither Oppenheimer being the first non-festival movie since 2006 to win BP; (nod, but not win). #Oscars"
Puffy;@altofcrow;"Oppenheimer âœ… Watched this movie today lol! I haven't watched all Nolan's movie but definitely it's now one my fav movie. Really liked the emotions of Oppenheimer realising what has he created. My Ratings-: â­â­â­â­â­1/2"
Puffy;@altofcrow;"Time to watch Nolancinema #nw"
yelena belova step on me challenge;@SaveGrisham;"This movie made me realize how much I miss seeing Flo on the big screen, which is funny because I just saw her in Oppenheimer, but I miss her when sheâ€™s not there. She deserves to live on the big screen"
Florence Pugh Daily;@bestofpugh;"florence pughâ€™s presence on screen is unmatched"
bellerose;@redforez;"pueden creer que oppenheimer es mi comfort movie"
NewMobility;@SmoothMobility;"Replying to @teamansion Go watch a different movie weirdo! These movies are for us, not you. Go watch Oppenheimer or Killers of the Flower ğŸŒ¸ Moon where people talk for 3 hours and put you to sleep. Go watch Barbie"
kÃ¦l;@Vielfalt_;"Replying to @thisiselroy Oppenheimer meeting Albert Einstein from the Oppenheimer movie."
Lola Paul;@LPaul38082;
MoviePlusGt;@MoviePlusGT;"La cinta ganadora en los #Oscars2024 ""Oppenheimer"" de Christopher Nolan ya se encuentra disponible en la plataforma de #Max"
zâ€ ;@Chaka_the__zulu;"you know the type of movies you enjoy are gbish gbash action and boss flicks but you go Dey carry mouth Dey watch Oppenheimer ğŸ˜¹"
Prashant Purohit;@PrashantProhit;"Replying to @samirkapoor1971 This is the new atomic bomb. And as the protagonist says in the movie â€˜Oppenheimerâ€™, â€œThe chain-reaction has already begun.â€"
Jimmy;@FCBJimmy_;"Replying to @MFFEAK Oppenheimer is not the greatest movie ever lol"
Ryan Landrick;@LandrickRyan;"Replying to @joncoopertweets You mean movies like Oppenheimer?"
GH;@MFFEAK;"Replying to @FCBJimmy_ Come on! It's not better than the Greatest Movie ever made (Oppenheimer)"
à±¨à§ aubs;@wecantbefricnds;"what percent of the same person are we? film edition ğŸï¸ 10% dead poets society 10% cillian murphy 10% emma stone 10% before trilogy 10% ethan hawke 10% marvel 10% top gun movies"
Iconic Ashanti;@No1FeministFan;"Replying to @bloated14468 @EmilyCutlass and 5 others I decided to watch #DunePartTwo & then fell asleep & woke up at 2am, have u watched it? Brilliant movie by Denis Villeneuve, a seminal work, possibly the best movies nxt to Oppenheimer to come out of this decade....but I'm back at it today. I didn't finish though & I have a zoom"
Zawardo (Sephyti);@sephyrt;"Replying to @ajplus Tbh I quite don't grasp what you expect, the movie isn't made to be some kind of redemption call, but a biography showing the Oppenheimer dilemma."
naoshi;@naoshi889;"Replying to @Arbitraryname69 and @japantimes On March 29, 2024, the movie ""Oppenheimer"" was released in Japan. The film tells the story of the glory and downfall of Oppenheimer, the scientist who directed the Manhattan Project, a top-secret project that began in the United States during World War II."
Nathan Walker;@NateWalker2001;"The 4K of the original movie is so disappointing. Can you imagine Oppenheimer being released without the IMAX aspect ratio? Nolan's proved you can do it please do it"
mac;@batsdune;"please release dune part two in the imax aspect ratio. i literally canâ€™t watch it any other way"
Sk8ter Girl;@dabgirlavril;"Replying to @RRunner45066499 and people hated it ğŸ˜‚ why would they want to see her do it age in a movie? They hated the age gap in oppenheimer, too ğŸ˜‚"
SHUNSUKE INABA;@shunsuke_i2172;"Iâ€™m going to watch the Oppenheimer movie now!"
James Hilt;@jim_hilt;"Replying to @snarky_op @SykesCharlie and 3 others The new Oppenheimer movie shows he taught Quantum Mechanics & Black Holes whose gravitation pull is so strong not even light can escape it. The Republican personality cult Party of Trump acts like a Black Hole pulling into darkness truth & justice and the light of our Democracy."
Nombre;Usuario;Comentario
EAR PROTECTION REQUIRED ğŸ§;@EARPROTECTREQ;"Is Oppenheimer Christopher Nolanâ€™s finest film? All the directorâ€™s movies â€“ ranked!"
ğŸ’œNateBoiğŸ’œ;@NateB0i6;"Cinema is getting to that point where original content is better than corporatized content. Compare The latest marvel movie to a movie like Oppenheimer or Poor Things and that marvel movie looks like shit And thatâ€™s how things should be imo, always some new ideas on the table"
levi;@bladenui;"Replying to @bladenui 5. Whatâ€™s an opinion that you been wanting to say, but if you say it you will get hated on"
SaraâœŒï¸ğŸ’™ğŸ‰ğŸ‰ğŸ‰ğŸ‰;@SARA2001NOOR;"Replying to @yoksig @AhearnColeen and 18 others konbanwa dear SigğŸ˜ŠğŸ¤—ğŸŒ¸ğŸ’™ love Christopher Nolan great movies but not Oppenheimer dunnoğŸ˜ pacifist anti war âœŒï¸and especially not during a genocide of my own people ğŸ–¤ have a blessed evening my dear Sig ğŸ˜Š @yoksig 0:02 / 0:36"
Sophon;@GavinLarson132;"Replying to @ColonelIchiro You know the best movie of the year? Oppenheimer ğŸ˜‚"
Greg Atkinson;@GregAtkinson_jp;"Replying to @Oswaldsez1 and @bull_japanese I've seen Oppenheimer & it's a good movie, but I didn't have any particular reaction. I wasn't aware we had to have one :)"
Naruto Uzumaki ğŸ‡µğŸ‡¸;@narutttooooo;"Replying to @shubamm_007 Fr bhaii.. Loved the experience(The climax could have been better) Even Oppenheimer was meant to be experienced in big auditoriums, watched both movies twice for the experience they gave, peeps who didnâ€™t watch these movies in auditoriums have missed a lot, fs ."
BBCVIRAL.COM;@pivxcoin;"Kristen Wiigâ€™s Aunt Linda Returns To â€˜SNLâ€™ For First Time In 14 Years: Aunt Linda returned for some new movie reviews. Kristen Wiigâ€™s angry, middle-aged film critic was back on SNLâ€™s Weekend Update to give her hot take on Barbie and Oppenheimer. Wiig hasâ€¦ http://dlvr.it/T59lPp"
ğŸ§ƒBeyonGateğŸ§ƒ;@EsotericWatcher;"Replying to @Wired73813850 He kinda reminds me how oppenheimer looks in the movie."
Nombre;Usuario;Comentario
A small sprag;@smallsprag;"I did not expect /r/OppenheimerMovie to make me feel things today, but. Also this is absolutely definitely 100% incontrovertibly canon. https://reddit.com/r/OppenheimerMovie/s/e84Bo29zpn 0:35 / 0:48"
_OPPENHEIMER_;@oppenHeimeRr7;"Replying to @KousshiK05 Literally! Ninna movie ki vellochaka oka 15min mummy ki explain chesaa"
Big i;@____ian_______;"Oppenheimer cinema broâ€™s are gonna hate me for this but â€œMad Max Fury Roadâ€ is a top 5 movie of all time. @yehctajm @MickeyP724"
makeme;@aza_rashi1;"Oppenheimer was a great movie. Negative reactions are just due to negligence of the actual contents of the movie."
ãƒˆãƒ¼ã‚¹ãƒˆã†ã¾ã„;@Toast_unai;"Christopher Nolan's movies always have the theme of 'time'. I'm going to see it next week. #Oppenheimer"
Yoriko Oki;@Fukusuke551;"åºƒå³¶åŸçˆ†ãƒ‰ãƒ¼ãƒ ã«è¡Œã“ã†ã¨æ±ºã‚ãŸ #ã‚ªãƒƒãƒšãƒ³ãƒã‚¤ãƒãƒ¼ #ã‚¯ãƒªã‚¹ãƒˆãƒ•ã‚¡ãƒ¼ãƒãƒ¼ãƒ©ãƒ³ #ã‚­ãƒªã‚¢ãƒ³ãƒãƒ¼ãƒ•ã‚£ãƒ¼ #oppenheimer Movie - ã€ã‚ªãƒƒãƒšãƒ³ãƒã‚¤ãƒãƒ¼ã€ @TOHO ã‚·ãƒãƒã‚ºæ—¥æœ¬æ©‹ fukusuke55.livedoor.blog"
PinkCheese;@pinkcheese__;"Replying to @pinkcheese__ 17) Oppenheimer (2023) I liked this movie a lot and thought it was incredibly well directed but I just don't have more to say than that. 8/10"
Spotahome;@Spotahome;"Ad Book any of the selected accommodations of the link during the month of March, and we will refund 100% of the accommodation fee + 50% off on the first month's. Kick off your adventure in Madrid right away!! From spotahome.com"
Great Friend GrummBB;@TheFreddyphile;"Replying to @sapphicyoda72 I remember when I went to go watch Oppenheimer my friends couldnâ€™t shut up the whole movie and they were just holding whole conversations at normal volume and when I shushed them the lady in front of us yelled at me for talking"
Onolumi ã‚ªãƒãƒ«ãƒŸ | VtuberğŸ§¬;@onolumi;"it's already a week since the movie Oppenheimer opened in Japan but seats are still packed. usually i can book movies last minute but not this time..."
Melody Ann Haase;@melodyannhaase;"Replying to @Arts_Channel and @ajaxsingh No. The best WWII movie of the year was Godzilla Minus One. I saw it in Japan at an IMAX, and I felt all the things. I was terrified. I cried. I was happy. Such a great film. Oppenheimer was an incoherent jumble of scenes like a Harry Potter film."
HIROMI;@HsNsFV;"Watched 'Oppenheimer'ğŸ¥ Great movie, I like it! #Oppenheimer #ã‚ªãƒƒãƒšãƒ³ãƒã‚¤ãƒãƒ¼"
Val. â˜€ï¸ğŸ’š;@vcdvsbs;"The first movie that impacts me was Harry Potter and the Prisoner of Azkaban, then when I was 16 it was Captain America: The Winter Soldier, after that Taxi Driver, Babylon, Oppenheimer and the whole Chris Nolan filmography. Quote"
cinesthetic.;@TheCinesthetic;"Which is 'THE MOVIE' that made you love cinema?"
NoFux2Give;@BlackRonin357;"Replying to @theonetimfrom91 and @mask_bastard I wasn't expecting Oppenheimer, but some people have undue expectations on movies. My family and I also watched everything leading up to The Marvels so it all made sense to us."
Paulo AraÃºjo ğŸ‡§ğŸ‡·;@paulodejesus800;"Replying to @Sorry4noname @Deez5Naa and 2 others The Oppenheimer movie is not given to children."
Greg Atkinson;@GregAtkinson_jp;"Replying to @Oswaldsez1 and @bull_japanese I have no idea how the Japanese are reacting as I haven't heard anyone I know mention it. The Godzilla movie yes, Oppenheimer no. Then again they haven't mentioned Barbie either."
Ken Gardner;@KenGardner11;"Replying to @RubricMarlin Interstellar is still my favorite movie, although Oppenheimer is close behind and Tenet isnâ€™t very far behind Oppenheimer."
Movies You Missed Podcast;@MoviesMissedPod;"Replying to @HmJileswrites Interstellar, Oppenheimer, Tenet, The Lighthouse, Greatest Showman, Arrival, The Princess and the Frog, Inception, Dark Knight, Pirates of the Caribbean, Tangled, out of darkness, Coraline, Hereditary, The list is kind of endless! e pluribus Unum, y'all"
e pluribus Unum, y'all;@juanluis627;"Replying to @OhMyItsAlly Forgive me for sounding like a prude, he is college age right? Oppenheimer is a great movie!"
Briancarlo Santos;@Brian_Carlo_S;"Replying to @screentime Dune barely made $640M cant even beat Interstellar from 2014 let alone Oppenheimer a biopic movie"
Ally;@OhMyItsAlly;"Keeping up with the Astros here and on an app because kiddo hasnâ€™t seen Oppenheimer, so movie night it is! ğŸ¿"
Lola Paul;@LPaul38082;
Sorry4noname;@Sorry4noname;"Replying to @Deez5Naa @LordAslanThe2nd and @InsaneCope It's not porn. The Oppenheimer movie has 2 sex scenes and you don't call it a porn movie. At least in Gender queer it is meant as a narrative point to help the MC figure their sexuality."
Charles Allen;@Charles36673261;"To see Abuse from a kangaroo court watch Oppenheimer Movie to what this government canâ€™t do to a person! Can be compare to our Democraps and what they are trying on Trump for nearly 10 years !"
Payton Josue;@JosuePayto64200;
C.O.O;@chalieofedo;"Replying to @batsdune That movie is nothing less than perfect Oppenheimer II ABBA IS BACK!! #WynonnaEarp #BringWynonnaHome"
Oppenheimer II;@sgcafan;"Replying to @ImSilverRose and @evaxmila Honestly this was a great year for movies. I saw all the Best Picture nominees really couldâ€™ve made the case for 7 or 8 of them. My favorite was Oppenheimer, I had no idea it was over 3 hours till I checked my phone when I was leaving theater I was so engrossed.  Same w/KOTFM."
dkz_â˜…â¸Â¹ â˜…Â¹â¹ â˜…Â²Â²;@DLuc4sss;"Replying to @CINEMA505 Dune' Part Two and Oppenheimer the best movies of the decade"
ã‚±ãƒ“ãƒ³;@nikitaleon;"ä»Šæ—¥ã®1æœ¬ï¼ â‘  ä¸–ç•Œã®é‹å‘½ã‚’æ¡ã£ãŸå¤©æ‰ç§‘å­¦è€…ã®æ „å…‰ã¨æ²¡è½ #Oppenheimer #ã‚ªãƒƒãƒšãƒ³ãƒã‚¤ãƒãƒ¼ #movie #æ˜ ç”»å¥½ããªäººã¨ç¹‹ãŒã‚ŠãŸã„ #æ´‹ç”»å¥½ããªäººã¨ç¹‹ãŒã‚ŠãŸã„"
Ryohei Kubo;@kubo_ryohei;"Replying to @viffthology I made a painting and review of the movie Oppenheimer. From tricera.net"
Rachel Remington;@RachelR2768;
Camille Nico;@CamilleNic21587;
Wonyong Park;@WonyongPark89;"Watching Oppenheimer during a 14-hour plane journey. The movie is basically #NatureOfScience A to Z."
NabiiğŸ¦‹;@rahmatajibolaa;"I tried watching Oppenheimer, I got tired in 10 minutes. I've been watching Dune 1 for like 3 weeks now and I'm still not done. At this point, if they are not killing themselves from the beginning or the movie is not stressing me from the beginning, I'm not sure I can watch it."
Movie Monster #ADOS;@Pauline98476699;"If Hollywood remade HEAT today, ALL the actors except one minor role, would be played by BRITISH ACTORS. ESPECIALLY if directed by Mr. Nolan. And Nolan's Oppenheimer being a HIT is ALL THE EXCUSE they would need to do that, NEVERMIND every other Brit led film FLOPPING. Quote"
All The Right Movies;@ATRightMovies;"De Niro, Pacino and Mann discuss the famous coffee shop scene from HEAT (1995), with Christopher Nolan asking the questions."
Steve Reynolds;@WeatherBrew;"I didn't watch that Oppenheimer movie.  But I have listened to this a few times. youtube.com Richard Feynman Lecture -- ""Los Alamos From Below"" There are quite a few copies of this Feynman lecture floating around out there, but most end prior to the question from the audience.After the lecture, a guy..."
Hickory Ixia;@HickoryI7482;"If you have to watch one Amazon Prime Video movie in April 2024, stream this one | Digital Trends Robert Downey Jr. just won an Oscar for Oppenheimer, but his best performance is in an underrated... From navani.in"
W.M.W;@wmweibel;"Replying to @wmweibel It's hard, maybe impossible, to describe an entire person in one movie. But I think Nolan's "Oppenheimer" could have done more to tell us who Oppie really was. I'll attempt to address that soon as I finish this thread."
Ariel Marcus;@ArielMarcu81206;
